disaster_type,deaths,affected,damage_usd
Drought,60.202428618350424,263349.1387090899,45647127.68879766
Wildfire,27.572464608817935,12312.500617045904,2079930.7999138623
Drought,4.052228456645141,72550.74589209542,37196391.54304272
Earthquake,23.894805631885877,364029.955362776,132485200.02501218
Drought,17.95009442619521,9512.769951281709,46766651.03248051
Drought,16.569636777619973,97362.09610169132,804754.29969117
Drought,13.670944562683003,6998.744288695817,120021144.36965118
Earthquake,419.3181228124015,3181.403459662207,923482121.5171367
Drought,0.9256393137366391,78706.41736061737,24606514.58971093
Drought,18.680656303021674,,17568275.03656417
Flood,22.153944050588596,276.87101879677374,168989677.7486126
Wildfire,78.23293199954229,10529.04084582266,246462972.96191847
Wildfire,39.236273518732226,10148.8935892602,218225191.24015146
Flood,,13458.387573096594,29580608.00342772
Drought,2.2833487038373166,6386.736258610765,50586477.54637747
Wildfire,23.28550186387109,2269.7742213232473,286213836.76481324
Earthquake,825.4435402422847,100349.4190520531,1025759865.2604065
Storm,19.603635966648525,3906.265996849722,88103828.26826328
Flood,170.3829726638945,98567.24859399167,697640.9181650646
Storm,15.695302325123206,8396.398539215159,36854541.93256562
Flood,29.29162990591085,14176.273677104487,119172897.6307604
Storm,47.02460354912966,20955.588984889153,10570217.476078495
Earthquake,378.5065195311601,59381.44920353857,402478769.3145581
Flood,130.2748928492316,22926.1399632152,100050374.77317713
Flood,16.336345538048352,35484.03309463421,119011199.99474502
Earthquake,358.8152922747442,25682.414705495765,518062170.773846
Earthquake,909.1855366176487,112605.57913853865,664420665.018946
Drought,3.8463452063344272,805355.9873282646,36349253.05151483
Wildfire,69.2032328294528,10026.699194828847,41404650.98113239
Flood,102.7310693567705,4394.586309804203,
Flood,108.9162387290241,253.72185258985013,17531581.610419907
Flood,19.349404041660797,912.0359299355008,68100858.27072878
Storm,53.590664408488124,25201.32916761772,19671412.289682098
Wildfire,20.009308028261408,23655.1198250572,56985820.24805622
Flood,,64088.09015329019,32957736.836626295
Drought,12.695471746650393,65578.723388237,107490634.81367554
Wildfire,25.479469685015374,39287.41164110655,7833594.23664173
Storm,9.28593081478774,24412.109761806834,550258694.1614083
Earthquake,146.62453578470303,34996.97432948054,194710328.90052164
Wildfire,10.551054640887472,5443.494130895386,
Drought,32.01899864616975,209943.81497756005,60527532.425575845
Drought,17.296031669954022,115419.48408248914,55741067.72753611
Earthquake,984.5035858314793,28801.727598069243,19804456.149710365
Wildfire,9.504796947717525,33596.2838147429,61113440.541581474
Storm,50.7268724102308,38848.81688750053,744711401.7399986
Storm,28.899171563665067,2451.155057510097,5135521.908294876
Wildfire,1.7986662278610854,24676.216316763886,58402775.199144706
Wildfire,9.852367841669878,30981.034985563067,133901740.48752263
Drought,16.695929740461963,34548.66243145145,6401024.439718547
Drought,3.8554459987669865,3462.0120385129917,72061698.55246276
Wildfire,,9567.224329131344,100811453.60409121
Earthquake,347.61455705544813,77517.63314395012,575949209.0820595
Drought,17.626947556145815,563451.0910774304,42839122.27887722
Storm,85.91786983681754,29500.145540634105,343434519.6980408
Drought,2.1245067096326045,3677.9775694467407,4960250.582787707
Earthquake,572.2448780621794,41646.22093726905,151022042.58472872
Storm,104.97079070434734,39848.80736293201,325399161.1987956
Storm,232.85024450701152,15962.380624578149,93048782.39234655
Wildfire,8.177769323542371,11389.493379815698,134672278.81688556
Drought,35.0266511504666,,112939525.72729631
Drought,8.767159629157907,628387.0545960633,56469541.95856502
Wildfire,10.41068336238591,3984.863345503897,111632357.99285063
Wildfire,80.17865544140753,36592.51082813159,550441749.3257638
Storm,6.225298877622543,4629.229636263581,286686109.41581875
Wildfire,7.55309778072451,5052.6047456549995,222466995.8786318
Wildfire,13.891657814259375,16755.75403282677,294216453.7963244
Storm,75.06212702273129,24520.812226844788,110406625.06099474
Wildfire,15.586007183317083,8474.015912454213,135082629.92501625
Storm,43.77768886014343,98241.60627307132,93959315.58405344
Earthquake,6.114472179484654,350252.69228794816,22059499.309250947
Wildfire,8.750307958208307,11887.923562812339,7843143.248879539
Flood,,43891.29309028778,231423276.94826475
Drought,2.2579114592377576,81792.26198014458,9297199.729062954
Drought,1.6184456886636958,732992.0245045135,214193278.77762693
Drought,18.465394672199473,63204.68902312987,7146492.445194738
Wildfire,28.512120587741183,,
Flood,150.32879852520722,32731.920833962475,421895930.0831557
Storm,92.29566037168173,54665.70139409572,126483114.2279547
Drought,33.52234878499846,1634489.1195636166,284743670.03721666
Earthquake,237.28747031400948,27586.52763833166,114735091.4713375
Flood,111.38295391732503,48133.521737153584,44342046.22971061
Storm,36.71549302117575,57353.10333925452,160550823.8042975
Wildfire,29.05196901182039,,23948149.349344347
Earthquake,506.18654709797715,80926.6719814006,47706242.59690303
Drought,7.075282305763896,148300.443808363,59807155.409859255
Flood,29.873545435139576,30729.348368534876,391365309.75805914
Storm,3.944765248811752,4139.256591372476,27403684.813401423
Drought,8.482786315896105,454194.82502567157,32119057.082329683
Storm,,12697.386019546158,85425372.13315053
Drought,4.621844126901932,,35000259.23571652
Flood,116.40623198121997,,17076184.76844316
Flood,90.95089856265096,214361.26873305487,76914448.1575444
Earthquake,688.1144701949212,3737.2952321478465,145468310.94119862
Drought,2.2672267708132674,118628.64921671017,38030339.952764496
Earthquake,415.01648733054355,183702.8750019251,46718348.726064704
Flood,113.66329578930316,77835.45161888956,69003642.18488851
Flood,83.11652920943808,23802.906113842066,41165447.358231075
Storm,215.3097886084906,27924.99025401628,54158905.751359984
Drought,38.0517001975239,18398.415558524855,81960045.11186974
Wildfire,121.15926498047762,1188.273456974049,50725799.37424304
Flood,67.48138267426694,64168.137033983556,171959587.944413
Wildfire,44.02421275236266,2070.7798214607083,39108781.311923265
Flood,94.31996574293565,17028.16842182709,87045306.82924436
Flood,46.08147470485857,30281.360766246406,79540832.18847485
Drought,5.877776685868028,228828.27020407032,71403311.14141043
Flood,190.19815164467542,68516.03619386679,52512452.239174224
Storm,3.4405158736248436,40541.79459565866,170885428.83973396
Drought,3.57430397931036,35888.93131199014,84255164.12820043
Wildfire,26.624296965929556,11487.96924425234,60138620.3182505
Flood,137.67773129369394,34930.140784779804,26424253.099706523
Storm,39.13711031816166,16944.104136441234,80937817.63165493
Wildfire,20.52108197749446,13527.083823030624,85132460.51199026
Storm,68.11840309342058,1023.2261957351379,168742711.2772286
Wildfire,3.51731655296332,18737.439572116877,13637963.052807083
Drought,25.62086195289811,254619.23439833894,51242210.43686954
Wildfire,52.59904545092208,31960.091359214784,41934740.86579969
Storm,8.323477506425034,,140998888.15863547
Drought,,502046.1771235042,78052543.1714446
Earthquake,35.70586480161854,8047.39549267873,55045267.87743592
Wildfire,125.6752196736212,18257.181108184428,13314595.971706338
Wildfire,14.307497585518059,13635.53512834764,23014274.91215707
Drought,15.417660482477636,504785.0952306083,21258855.544539504
Storm,1.6699116892815318,73169.14685416239,
Flood,,43445.1191892636,100039077.2517848
Drought,12.286312909518479,162975.0133842066,98531874.53073724
Wildfire,15.190973283507601,5565.0122755729035,160834861.6303956
Wildfire,19.16357379886392,8320.441036761806,6796694.0179156475
Drought,13.12041735139935,137437.77285527642,72484350.24541864
Storm,23.36510937375693,,206564653.01889142
Earthquake,1008.6796173271855,52422.24541790037,401171515.59315443
Flood,160.90184272962415,9833.885472589267,105769908.89205769
Storm,164.37020613601698,86692.41040441576,30416329.066023894
Earthquake,44.69356981522456,23305.02802398152,13445267.612158442
Earthquake,1207.4515644153603,98019.28450109335,
Drought,19.57124491094175,105327.20785596223,40153368.32574222
Drought,3.0190899624604173,405700.9855438648,33416016.48309582
Storm,35.91890662934657,40607.491054982434,240026605.91505465
Drought,2.837636610905733,461664.9089088552,58756612.28756966
Earthquake,429.62033443407796,32028.13286027929,403917757.70349264
Earthquake,75.42222327442376,30609.563652620996,154962745.52071035
Wildfire,5.784660859156565,24582.095607713014,
Drought,63.7026214110816,40759.117403436176,4734051.719658968
Storm,21.977423886142674,38086.9195991606,70514307.92111017
Wildfire,19.8352112250945,3145.891390726044,77618706.29119898
Storm,45.42144199937801,12204.95633814301,294729991.82934695
Flood,122.05275805475095,45600.75156967819,
Storm,15.882680749401604,26764.826391703926,89561995.11596441
Earthquake,586.495908949555,73668.25768055969,45348285.963753454
Flood,107.52377151704027,58927.69180707661,189177198.80502793
Earthquake,26.487251655238964,110841.25483691352,22585216.4519866
Earthquake,187.60486880621664,12842.738743248789,656565950.6192625
Wildfire,19.28584215595375,19808.107067353583,
Storm,41.12604074733103,19679.119188579487,432561771.92382
Flood,77.30597925213357,54184.48557359892,133886041.87046121
Earthquake,12.351706872077612,204098.16863741813,10749432.080130657
Storm,3.630131750446429,,10824476.597968236
Drought,82.80794073682617,292439.422067845,27044209.679557092
Storm,31.490853826120123,10572.074365959257,383222265.7732625
Wildfire,131.99933937336905,5582.197468921019,48503872.74553178
Wildfire,8.991937254504261,8880.780512023282,403591614.3051724
Earthquake,91.38119462839927,472944.4686092813,131769082.50884165
Wildfire,,480.83039246404564,48465542.28450836
Wildfire,1.7874902499830543,34770.84216526774,215232097.00260004
Earthquake,362.0588514489452,67567.34215394956,2804569322.960533
Wildfire,23.099189528725113,8987.945241869189,86770584.55294675
Drought,,9078.28861613819,95592575.93492766
Storm,4.550244837617541,15750.434997307944,93262415.72612323
Wildfire,7.4608878354124935,11496.70127597249,7918484.019491231
Wildfire,71.0982175644386,8470.420909113443,108504082.92690237
Storm,101.30861557657622,8442.473690461471,34238501.33770643
Wildfire,34.196228751865945,9639.364190221882,139722039.16260642
Storm,105.62778268157089,154.75358172050218,
Earthquake,892.2951485061119,70819.5305309597,3203174.308707583
Flood,12.312159934067642,23635.994706710466,911380.9533961244
Earthquake,283.028932721099,183334.11443651907,248914565.49128065
Drought,23.28771767115938,14049.53005822166,17902620.82141199
Flood,5.966557119625827,3881.5618422796224,191334868.88120398
Storm,,42597.1719348108,4978844.4565022625
Storm,14.551633952727075,30.900303719445002,34618047.35503265
Flood,17.86767924545557,79190.83503186541,118313223.80365738
Storm,15.959292433686983,90394.63219155328,32752856.63893017
Storm,166.93997162572975,42825.252779452494,116786375.28812857
Earthquake,119.83004068942896,3162.9049095555,527297929.4379948
Drought,4.104243565216768,405937.1009459821,74938865.23371488
Storm,79.67769368447051,10451.339771393781,485711391.8177597
Flood,93.4725737860646,14220.369045807603,81737948.14038388
Wildfire,9.399983898373721,,37158839.71801938
Earthquake,326.90442439000634,91634.21034919133,172417357.5372291
Storm,32.74509207510541,3325.6065242863842,55426256.55694364
Drought,24.244466297154762,164036.48480762212,490944.7692281613
Wildfire,2.5833600281728537,17401.962785777305,44285760.092325464
Earthquake,806.1878595553796,22333.13742578472,91650567.56753847
Flood,275.21940544489087,2668.5242839504017,77935088.8095622
Drought,8.293654982928672,337290.9138695847,4175322.487908133
Earthquake,327.83305856101583,4160.783038805512,89563022.53583395
Drought,3.476229730303001,410807.1114004796,12372707.909027698
Wildfire,32.25048616024556,6895.451087234338,81049829.91156207
Flood,67.97904734131731,4252.1107378183615,51627605.227510646
Drought,3.8278919302478274,647716.503936792,26884784.456063382
Drought,14.057683911808947,,36076907.633330286
Drought,41.33812682535534,461925.6959240749,27384935.06770124
Drought,9.685204322860981,125401.79055970909,90393852.2507747
Earthquake,135.60479584358097,355417.70388615114,99821527.37757894
Drought,10.384576609700257,179748.3243643072,43305422.01813103
Flood,348.71580418211437,14929.294021200309,106925738.45171027
Wildfire,8.11601275007377,2674.5344213202548,215166536.70307133
Drought,35.30819768244315,112735.43813711849,14298461.848792551
Drought,9.54003606639305,186046.5734884853,22059696.388321683
Drought,,163352.55080606605,38816205.68560968
Wildfire,82.751436162059,401.38416409382233,13023387.998311674
Flood,87.86835804910757,58270.92749794458,
Flood,101.92096135685009,101216.72834882553,60649226.90920095
Drought,2.68758387942571,28477.44746809371,7747521.095750983
Wildfire,2.958191811653609,11165.790839045361,58653783.97571736
Earthquake,234.43954460081977,1767.1211057748515,139954375.1925928
Storm,133.64527536495865,35089.72608033451,225719508.7758978
Wildfire,25.82463323086075,4285.9096209058,17350546.725762032
Flood,204.6033461015753,76251.50284671462,83705510.59265524
Drought,22.02792634344614,329891.5685942147,71834168.4410256
Flood,39.80644028368647,49740.83086146443,94117736.48756741
Flood,27.121064873197792,23360.52002753381,25782509.753304884
Earthquake,712.194056845493,69403.81956575092,390840219.3077336
Wildfire,12.52223644232393,4783.513648988052,50886551.41979992
Earthquake,628.4950324698799,73654.3595402753,864092196.4501865
Flood,106.3321638387693,23907.799193492414,21959252.190483715
Drought,5.935171261563438,67058.99851833239,18357189.35806393
Drought,25.291150040648233,102133.52951702899,188019285.49514475
Drought,4.004131229672945,148956.89994642002,61729549.971984275
Drought,11.051274130212871,18212.414928047776,84572719.28417574
Wildfire,27.609852682614736,17103.022147077292,215594653.01540333
Earthquake,223.74744641187647,236330.27075041208,734717782.6350682
Storm,95.2489596701079,33389.67452547337,331652089.98237234
Wildfire,5.518197447694738,13351.213047485326,
Storm,46.709248666195904,23735.86240150697,52779332.58825777
Earthquake,160.4748463454208,90893.51429086922,563260949.4473467
Storm,236.9693403932185,4122.543724097493,21987450.008131083
Drought,1.7910174212781587,449223.70249311783,10651451.592998201
Drought,11.68262479563773,356595.3658550027,55372957.772383034
Earthquake,569.9233264496768,26244.22134056463,305192835.2111501
Flood,539.9351853920099,29561.340378452478,40581949.51041192
Wildfire,35.13596275404774,2243.1134374225794,76749942.60264465
Flood,35.78944134084074,198791.75444241866,64414093.213119596
Wildfire,40.088602436814064,14636.066206123221,27925992.658480298
Flood,93.77350583036828,35345.9217063664,17352518.33181008
Wildfire,13.39500786058551,917.2364057237762,276395130.0892074
Earthquake,458.88883511039603,72500.82520454396,1259078523.2588234
Earthquake,347.72792091637774,50613.46061959382,387973847.40094304
Storm,78.03963467821305,10901.456087753602,16876265.840149894
Earthquake,1577.0462593611558,85106.82937178315,1349525957.26546
Flood,93.20465498249905,72368.03671659189,19217630.845457926
Wildfire,3.8951265080509,6505.361116404268,70543750.78610125
Drought,7.473984566614082,141101.39495545995,28947344.53132742
Earthquake,525.1984196623098,16490.395155444643,31656104.475265693
Storm,70.17274713089108,28987.89576375474,70580712.40587649
Drought,7.227294118822196,21304.6407103123,58908973.49640917
Flood,26.48064442939849,12474.545082053835,19086102.93186575
Wildfire,65.30613179436142,5974.455297927822,21644418.206141356
Wildfire,14.685565041578235,33193.11694369062,28579087.218548384
Wildfire,42.84974045143134,,76638504.52648582
Wildfire,6.651447585416519,667.9886562621132,4356868.9576486405
Wildfire,55.805726621994275,1032.3231608662381,66990173.56298462
Storm,23.57129482107963,15049.846204757347,123032432.18338464
Flood,107.49704119291464,143087.29795770766,165487188.84995225
Drought,30.389240858422617,348744.99916557194,34204625.25322484
Flood,6.897720078190541,36532.90209946091,16271777.37566215
Wildfire,1.1629061951964272,13712.373193898144,
Drought,26.750720860313216,87159.52714673984,17586899.06150494
Drought,8.765180786755497,106250.20527863753,39882741.19183352
Drought,45.833066067935874,305097.4237011355,
Drought,19.090912569589612,,51627781.67818545
Wildfire,4.013950976886961,6430.932627041015,12098938.455712369
Drought,3.407190250896399,8944.172438971638,5872102.562522861
Drought,9.84180460378062,35749.701899052525,15995892.512497304
Flood,103.79240810762278,16837.08889395092,169253118.77747205
Earthquake,505.39791804791554,24982.55861685058,1917467995.3865607
Storm,19.28752368423451,41973.77025337828,62759026.88312661
Wildfire,38.83661562181161,17025.697806958462,24017700.835005287
Storm,70.97911768959494,40809.885846004894,189319322.87085736
Drought,20.22804309749709,,8721933.52445619
Wildfire,63.972811297601716,3255.9454990377612,21561430.147298492
Wildfire,39.62321047704407,9570.748371647656,20828540.063345004
Earthquake,715.6265334138119,3594.9877311554205,684686730.676522
Storm,70.58361529258256,55349.18224087577,127096088.515063
Drought,25.607787424898195,434655.13589260285,44952551.43393084
Wildfire,0.8850697677195847,1825.8373258486909,20006111.23157777
Wildfire,30.84395989423934,670.5217851068186,86746196.70881443
Earthquake,457.35719455641424,92166.92805003726,11599929.42578558
Wildfire,41.10379805451152,40156.73342394719,23552234.70088314
Flood,56.919541721923316,4638.693580128087,24924622.1980613
Drought,7.117605495206978,38106.2506881061,50743887.597661376
Drought,9.684743405698264,169666.739242009,44308614.12658695
Wildfire,36.14439066075171,8814.308256656763,88304720.27705562
Storm,15.007760910029717,16845.510492557714,412289286.6231186
Earthquake,,122424.01656519317,498710598.5371028
Flood,0.7054025050826497,2949.311574057507,25518093.93840416
Flood,313.7632785960324,3572.545375426614,5874702.682483747
Drought,30.941153367937456,736457.4682316474,23197665.97812275
Flood,66.85934921037368,1709.5762468974915,6470195.151063192
Flood,147.77858366643724,4519.468933421796,27021459.99810218
Wildfire,1.6101851488747216,5426.488522972961,30131834.655068874
Storm,64.57753118589152,6365.763439101182,82577448.42488916
Wildfire,3.634393307268605,1639.868637214363,25530127.51408823
Flood,393.8203852446895,12900.305980581887,51747749.23482576
Earthquake,42.629372734834135,61304.41206067024,331499409.2074675
Earthquake,51.32792729848476,198040.6731688779,308243337.186664
Drought,8.800304173868348,763905.3377427114,78991459.54474425
Earthquake,200.3993052358571,141367.1747816516,366345266.7620214
Drought,5.9006697510057045,586131.107704428,41069743.073173024
Storm,119.96592748268404,23211.317580117615,137756347.80977842
Earthquake,49.03136689021209,58173.48986865037,108835074.52613433
Flood,86.17868409396449,50335.725891663795,159906271.94510663
Earthquake,296.7440901355586,81603.86740373568,90781510.32734048
Storm,205.28485611408692,4549.517711415166,45133263.26293516
Storm,18.782840744066522,48072.86684997409,686883897.6222609
Flood,54.08742270293948,207104.2688225587,110237937.1634689
Storm,8.85078722413422,380.6300736880687,164085088.34277514
Wildfire,108.87011735671703,4107.3974738343595,35167287.699419044
Flood,63.70842867894616,86196.69529794813,61482631.842408255
Drought,14.907129994589457,56032.732210728034,5992313.606411529
Earthquake,213.8104307780281,59847.534792021215,690805347.2419113
Wildfire,,18562.168826579808,29299599.914718304
Storm,57.97024320124432,2165.54715208633,38445638.0918243
Storm,59.23311842148193,,72858110.03779642
Drought,55.71098891818748,409905.85321927984,72635551.2373689
Flood,207.3274390815202,9.42086530038576,18522304.647417855
Wildfire,23.73260696957293,4786.8205644757845,
Earthquake,1694.2898212015139,13633.985772798915,614967335.1870354
Drought,0.36341292828328925,658344.9944872794,64853952.60823415
Drought,2.388746849621884,243267.10000883733,
Drought,7.169681896743889,182438.5700831144,
Drought,41.95039254593504,419540.26888075465,20054335.65489034
Wildfire,54.63296369724998,3358.788863885267,56068589.87434353
Wildfire,1.9726869645759453,17800.691543267392,91374025.75437054
Drought,,13374.786501026487,155979228.68541664
Drought,12.488594425662697,29589.539092355837,20837605.854963146
Drought,31.099208929126874,204111.2367875422,56416428.14666773
Storm,52.80987154596441,90192.30393695828,183583944.86662003
Flood,0.29253071632297606,2028.9118880553965,92652208.68157221
Flood,40.2490048644112,32892.96513143755,21827755.0445643
Wildfire,23.1013319571524,19250.805821377933,5076380.668950239
Wildfire,,2465.527131462082,50550123.532313295
Flood,95.9893976209954,6042.797243533146,42346077.74232656
Storm,2.2945309171524717,17967.692381574016,530220662.9336775
Wildfire,37.55632848508276,9362.516676317526,37015498.982939884
Flood,101.17046850671213,2624.457374752228,29787682.322247565
Earthquake,547.2485368632165,161121.38836548454,543338666.805909
Flood,7.365479050723611,4178.864778237989,43815043.87364303
Earthquake,1094.802628728836,91302.70692174112,348731851.6390264
Storm,64.36283964535804,3854.0441107799115,465484823.1963548
Flood,118.70579166436366,38017.015709905005,59575384.77983734
Flood,24.341177737457496,31424.91309118465,169675771.45739385
Drought,22.3538608221123,64421.90399602585,18286757.394049723
Storm,29.90306594855644,25972.65944780776,
Storm,45.948988053763166,36683.03617108383,233210214.13481745
Drought,0.9162395281269292,287018.6339765664,146538848.83292475
Storm,20.82156335553708,2232.3938932882356,105400789.62234925
Earthquake,921.7054509581866,86802.8132521213,410136361.36318195
Storm,37.955023796861056,4378.1514446730425,20917097.15947976
Storm,1.1814538540600281,42343.887124287314,122690940.89076307
Earthquake,234.8446935379263,64246.62877699764,293608355.52751416
Storm,162.38368329798274,14803.419890748655,97393144.64199203
Flood,75.98374147570787,9216.395764434987,28356711.93861904
Wildfire,6.493374813303657,593.759578083808,41923139.841698974
Storm,9.030673846220898,26238.951316609116,1631766842.3921564
Wildfire,152.73123791827382,21228.900002467966,97658748.38068078
Wildfire,4.8045043784336885,19143.18921658537,124092976.619741
Earthquake,640.3247667618975,76225.42630659325,1019991811.5913103
Flood,114.17992430040995,31441.253882379315,3506905.303506946
Drought,13.210015849747624,398355.7750530425,44425452.3462125
Storm,35.7978132807031,20337.442362267273,172208592.23471
Storm,46.07986249783478,26851.054188589806,328587918.1170166
Wildfire,17.349043858424295,18771.13811032593,223576983.9287117
Wildfire,106.77033739310484,2494.1757074963025,
Storm,58.9692832855554,4331.18866785928,71162374.26195481
Flood,157.69417503317197,233066.04064444406,
Storm,66.94564392173503,53899.16809480202,269781320.7096188
Flood,145.29297256924133,93514.63373394024,95089282.43129304
Drought,10.454809461012623,13657.876114710152,21448499.864969034
Earthquake,3.053680127555816,10640.684061772,1016066245.5914276
Drought,24.557557155672995,10306.245899209292,3784791.202912624
Storm,81.35025155783579,79448.77783630283,103873296.83550672
Flood,79.62445910656707,12376.548709733224,3424903.7780474527
Flood,127.22211435982457,100845.30189409586,60503896.01883285
Earthquake,138.49088294575523,125159.78612695336,864490356.9908595
Wildfire,74.59224194326868,12753.082220155822,51323791.585971355
Storm,15.841611832100028,15447.35068289709,21683760.25711427
Flood,6.474080465882678,91422.77821073931,382723.71963960567
Storm,87.64078393158496,4175.445721995465,166474657.83454847
Storm,28.44193362716482,72219.4221948359,94743882.1119032
Earthquake,415.7784274777128,266170.53877736063,929747395.043238
Storm,54.88844425837362,101483.78823121624,286289971.5513481
Wildfire,19.353954228201665,10060.506272491932,753557965.0346338
Flood,64.62020145183662,,100628148.44894812
Wildfire,16.161552679913093,17269.82839782898,189944268.77388573
Flood,159.08153711796277,70125.86926771655,3660037.1168349735
Storm,18.96263453300884,31054.981880414944,100548644.1162735
Drought,0.8791830356868863,219842.4900763785,86667763.36775471
Earthquake,,47657.565565470715,205750805.6708215
Flood,133.2565649999546,20041.99947414407,236516165.40225565
Earthquake,365.97756079241276,113178.32132238965,186884289.8449402
Earthquake,972.9085361905285,85650.27028487404,39729950.6394625
Wildfire,12.547562166739935,13433.366308135839,25265396.356450893
Wildfire,,36571.6545428518,187771499.86246914
Flood,34.41032255966274,11602.587978186812,16526125.761251459
Earthquake,330.89894227968347,137612.38826067158,321046294.3078274
Wildfire,22.69777971700733,10525.611153061527,103448653.16687773
Earthquake,108.9742122761541,15175.6987371085,486977986.1959905
Wildfire,22.476620516697228,23689.488940292264,17898435.997134928
Drought,15.479033958453034,12508.939585794815,58559106.70563994
Flood,59.361578701023376,7209.390029505175,316851834.3315222
Wildfire,98.35097572312586,9699.779162198969,264030212.22566098
Storm,,17692.90702266828,46938361.6498048
Wildfire,22.474556841152744,4973.473590547785,107620647.75074407
Storm,198.54549447132231,25287.010876782188,60097214.4984639
Earthquake,1986.360103937694,21085.39411153337,786541218.0781225
Wildfire,91.66242764248692,34128.45399980393,49888680.23098805
Flood,61.29223055897256,76013.88493324247,322307926.51766783
Wildfire,0.27238691552712857,4416.561918201068,260631617.70524016
Drought,3.917575821137399,144590.85297822024,82584775.89857048
Drought,21.71988533791091,25226.650687391684,17046051.616351724
Flood,143.13248803005746,23238.79121527445,49833427.68841731
Storm,16.11698440527919,29188.972535914872,977037392.4007742
Flood,27.496186888850964,10634.47836422213,250395598.17896867
Flood,25.96706277868041,156543.354277031,16037760.99127251
Storm,41.42826239560059,16732.372271557637,79005483.44406259
Earthquake,1115.4031145986537,54377.5893497494,757895245.7757636
Wildfire,,3505.4331520002092,90091573.72144622
Earthquake,1413.286146641773,70708.47345157995,263318374.90083188
Earthquake,743.4027089297597,43479.49627203034,
Drought,11.075643223755362,,6840655.7923332
Wildfire,,2238.441104897239,22762655.691751342
Drought,68.13153637805497,50796.2060888422,54390619.67302936
Earthquake,1131.8783806043014,170389.5575996496,145720300.83372644
Drought,83.80619077364753,280686.6876640082,24977406.14418322
Earthquake,617.7675616784138,18310.743031294467,
Flood,44.89629527423066,149001.43795522358,100010585.64698711
Flood,18.884989525327303,179533.21859064486,59568231.60234698
Flood,13.014341752403496,,190026903.63535255
Flood,42.364224416601445,20444.331813511395,384088762.22526157
Wildfire,88.17526591527604,6856.925413210558,47887116.568217084
Earthquake,8.096127410999571,152404.6135457006,66413152.76632889
Drought,16.373329817870214,139065.06229803673,61241640.626387104
Wildfire,38.023777420493346,19851.53492430679,19754356.015995488
Storm,105.7393530487002,49631.48693240589,226114986.46338618
Flood,159.29810583106408,14415.306609661313,98049357.49765661
Earthquake,,17771.026477452244,103459467.93379462
Drought,19.419820102765225,81308.12695656679,65969005.199638434
Earthquake,283.49245633047144,115659.27870318257,202075104.34524888
Wildfire,46.09424320125456,13223.313048758735,12351425.38479712
Drought,6.5105249928659,64680.9482616204,28283359.202299047
Flood,10.883472419075325,39679.8436351905,386121141.14920753
Flood,42.54497289318204,25342.707571706298,30690058.827003937
Drought,15.952662399011409,234093.96926442097,7770852.358313872
Drought,7.0562422943671885,19316.93526416135,45695252.387941204
Earthquake,608.3472093208514,46722.32013607323,414666728.31112236
Storm,15.810679551628299,27314.350896610766,402125883.4987981
Storm,66.69178069043613,64365.85699033341,45287954.10999841
Drought,19.749643858220107,97426.21819739394,137652749.23159432
Flood,183.13422735144417,10446.046558564827,
Earthquake,48.59999786930499,137985.2552895761,1229904116.4481578
Flood,57.69386816687051,279464.0612403317,26028995.391634967
Wildfire,2.87522866817508,,209939976.1780521
Flood,1.5939558720784452,4014.16679366967,242101154.38735068
Flood,111.7402734303147,4231.574841409748,302599995.66340137
Storm,16.655229046968184,46361.44663515191,101316314.135723
Storm,73.6454793905819,16732.048378574676,46189133.03148629
Flood,225.70964600590057,54900.08088730326,154828179.30749604
Drought,35.8724000762675,138402.2731151478,38288636.17494378
Storm,45.67041950069808,6735.537138255729,
Drought,2.2274201418164914,289158.54234776023,26353768.039866254
Wildfire,2.1929941980201506,2053.609836776891,109129726.3786332
Storm,81.9548031296163,239.88870083897262,516886326.074619
Wildfire,13.098883463544963,17634.962509770874,155728601.62690783
Drought,20.005221898960713,93527.7421820681,15838297.161711281
Storm,88.26696176092548,12872.303864566398,147461362.7656896
Storm,26.765826704749223,400.18835464342135,70179160.46682665
Drought,,25010.924469232566,9033215.947152425
Earthquake,176.04749684168013,77951.06441975378,211735589.646599
Earthquake,218.68793730054688,11131.765141096672,125746632.33084151
Storm,20.44910174049123,41515.77419652478,169685394.64933616
Flood,77.84981270198163,59607.12084619026,121115216.83350459
Flood,99.80945677237099,38018.231425361446,12261365.679360686
Earthquake,359.0117811919963,12136.091990521396,723661598.7859917
Flood,1.8290293316565152,78693.43172279622,7154531.152937201
Earthquake,146.02739846099723,1002.8898364548043,642670362.9946992
Flood,66.37722009982694,20295.38999184942,156809542.5831929
Wildfire,19.86948687558258,,52719086.75926737
Earthquake,34.66089780181736,209842.42028041428,246660643.722313
Flood,400.1255530312795,29935.375474248103,72024752.03616291
Earthquake,193.68649544732372,24860.409500367,215792029.45019084
Storm,23.06067352938955,1391.3495375770526,86139642.25281416
Flood,46.71934317588539,,10023102.985215532
Flood,87.63817645917182,76153.83210126404,139330686.09070432
Wildfire,6.967129568850825,12490.952411297883,48877091.44319925
Earthquake,1194.2266819727802,142177.78026227807,454602082.98855764
Earthquake,183.29375084302495,53609.42285164687,623749357.8893912
Wildfire,7.258808309776499,5531.258681164361,238421295.67688882
Earthquake,71.7334830645037,58673.37585609379,299624711.5012033
Flood,30.660938213368084,139900.2329675527,101163018.63237578
Earthquake,163.18203085709698,106336.79574577886,867975270.865187
Drought,29.714566351124052,275537.16376463557,8161730.05402554
Wildfire,,2789.1618299494558,81494690.38555038
Storm,36.09802016171317,39980.205934635815,114689054.74906881
Flood,85.96797985106654,3481.220362865055,9972966.184805468
Wildfire,,60441.471860432335,27640784.63965971
Drought,,378332.32245752384,26044791.400448635
Earthquake,612.3573899381802,,71153220.55459462
Wildfire,59.94873350799659,8841.539606919447,86976594.09838189
Earthquake,74.50267433024051,86474.28689764498,421385957.176053
Drought,15.001863849741452,47559.04763751266,271662309.6007408
Drought,56.24549123850969,140237.38803636326,148993628.4891968
Storm,9.157516941152922,20815.989945544196,234807718.42829475
Storm,68.87552259466442,,106828220.9920531
Flood,181.62596409227902,9300.12186111506,1933050.4120641034
Drought,12.134709236026088,231481.81252354538,120515773.4319634
Earthquake,425.0259296105759,32436.337969260847,1271103790.9505007
Drought,0.6451704308120962,110098.80406268117,4417816.493337841
Storm,11.864141540467562,59632.53673962362,434475354.9321048
Flood,589.1763984102353,1524.3008731011755,227658470.94790316
Wildfire,1.9327660207705306,4083.8795057103407,6936780.364152464
Wildfire,2.6683295906196265,4871.051787210219,7368409.635684104
Earthquake,38.884134233515866,57706.642006428665,377384990.10163474
Drought,6.524812655643752,320188.02146369405,19745098.602513414
Drought,8.780016383423298,224168.02626982212,3230384.4281832064
Earthquake,883.9655197263762,122647.58890815874,480145873.8864333
Storm,0.1572924523283243,5743.656720056206,416538363.8175906
Earthquake,165.58648133777027,45225.74540430544,105808857.09601077
Flood,198.19735001578348,18834.808803283206,77223953.49174069
Drought,0.31899389638632136,147947.2133201488,31825806.70876638
Drought,8.969658329129896,392929.46446088847,26111588.10307507
Wildfire,66.1865531818658,17029.59374051728,71365275.09936713
Drought,70.28867287160384,538601.0636974823,67662832.21611921
Wildfire,9.798636183154239,2468.0862366950555,20191764.797961738
Flood,154.0112912577143,14571.01548248342,279516092.9156949
Wildfire,47.6782350867567,1925.2116455201701,111707553.34398083
Drought,0.013072086281407382,409076.10665774444,78654048.74322917
Flood,80.81932823050354,11126.269303986235,34806794.921069
Storm,13.600060034847198,71721.03847153975,126248319.85153425
Earthquake,714.442942839498,71933.13427458439,608838593.1340467
Earthquake,93.59169618058402,3093.7348898737214,114359766.91547312
Flood,63.17326325751191,74262.16085449066,13170542.09608956
Flood,182.74720079048132,8758.137200227975,
Flood,148.4485296561055,123235.12578942049,20965875.625184804
Earthquake,248.86715912187768,138937.77065919564,67043657.4455666
Wildfire,54.06628663185094,26221.732003356556,45552622.96539482
Flood,33.24021137589548,27114.29113397158,
Drought,18.19089178468979,211907.25862719168,10678841.436218379
Drought,26.869830347693426,,16537554.628434192
Flood,42.600354988694484,28603.571078617933,158221590.5623548
Drought,6.0504604983823285,84132.0043145463,89960897.81267633
Drought,4.425183422619265,36037.11430275241,13721142.544586873
Wildfire,17.75643555258266,6961.877190159892,28323678.845704693
Earthquake,97.51650362874801,34851.79268121508,60969099.78163909
Flood,108.92272479973313,26483.222338555297,51484411.92801495
Flood,57.99221551065082,65413.34379324901,281709759.78157526
Wildfire,39.832370129616265,7581.229475460696,33960060.46120076
Flood,17.961186621831356,6197.901028445114,79119159.55394043
Drought,17.41760667188108,22377.07031953372,103186045.65400693
Earthquake,197.8524762758463,1086.9948043014715,875936049.3377886
Wildfire,3.7910252846792094,39408.45772237502,24168423.171619907
Drought,19.191483157601375,398235.9272195707,12619740.254496586
Wildfire,,5508.630580644953,157779707.78589243
Earthquake,25.83064260675245,5420.833674506548,588846020.9788519
Flood,14.836691898033932,58359.95618891887,228027156.68182665
Flood,39.77640616296515,11726.618780401754,8849066.17286815
Wildfire,25.774100534986417,14349.956990567536,
Wildfire,,11515.905339000008,75837319.70333134
Storm,53.415251945765206,106370.30213289114,165193507.4070447
Storm,74.26643573368665,1351.1881403046386,236399966.74324283
Earthquake,896.8126358031534,168562.26803821806,473157259.48509914
Drought,10.660487975713995,225293.07700499656,53670598.682812564
Storm,1.4794322144782779,71335.08587871805,33987797.930499256
Storm,13.15797039000406,20940.407298414248,262970712.89459902
Drought,49.63915074167379,201798.75890680315,49688383.65187657
Wildfire,45.55555669763601,5078.7630056196385,
Earthquake,135.3433025224901,11385.671161940496,730785276.5086898
Earthquake,360.8715291089026,,425535050.5635326
Storm,62.38683036765433,35790.50239511122,78414776.73403805
Storm,146.64373762425987,15335.38438344946,
Drought,4.242392979717844,123107.94362780619,28192327.66884832
Wildfire,7.556943867062479,3670.3761863891737,79066859.51447728
Flood,159.55896072702714,64409.8666116397,117249261.90622617
Storm,,5338.621345573114,53265759.17358913
Flood,26.328246377837473,101403.03165636086,
Flood,0.9734105799867299,97580.60051096632,131362899.41390856
Earthquake,443.79360028573404,50697.37425165611,1821005822.6649916
Drought,11.106742418329052,357191.5141609121,81904423.74357614
Wildfire,2.826559352724692,2147.407232088884,5188208.659644597
Earthquake,543.5340018576824,204510.8766466717,711659563.2818234
Drought,3.5196504213663666,169724.4906536377,81848762.75486991
Drought,10.47537284395852,26835.595440142806,9394549.33510745
Earthquake,107.48560735327194,102583.91190380263,150436436.8611164
Storm,26.492265507650142,8254.096338551115,223182521.9635884
Earthquake,23.176256724648,,383022763.1898696
Wildfire,147.11454691702625,1698.4156636460164,445856164.50187784
Flood,70.74133076802647,50792.00195584794,421141032.3801596
Earthquake,200.45126687582965,83064.48666735942,950478762.8013318
Flood,13.831360375365994,5242.838395155899,92430315.98516794
Storm,241.18339752657155,10447.068046373954,47225130.1294582
Drought,1.2589481367461428,67888.09116416116,4895607.67298314
Storm,45.09989653028421,27725.916184090736,229475940.12803957
Flood,1.855726807261572,31187.277309150184,286579052.0605829
Wildfire,31.53113579535356,2386.8110420073044,13011712.909210954
Earthquake,,52996.52423024624,67558565.99710944
Drought,13.183166946176364,300525.6099815567,55866386.78169986
Flood,336.10940858995065,2586.6049851739886,221077485.68101183
Earthquake,395.59651056312237,183145.92948871726,68188106.29676415
Drought,95.24482749356885,259538.6591063742,76802328.84524024
Wildfire,,29173.767243091388,35072709.25236809
Drought,,27341.492551954903,29202670.08965992
Wildfire,12.589853820070028,1445.360273752324,9917843.930890067
Wildfire,67.40461300534253,10353.64020684013,
Storm,22.04913603739409,8810.253110000309,2596272.856967077
Storm,114.52684313306263,24163.416308559274,334537448.7099016
Storm,13.741525333169738,2993.458983147633,75643477.7625117
Storm,37.95065087010504,62053.51188376044,1083821505.897536
Flood,51.53420089544921,55814.47001277346,114630687.4356436
Storm,54.92317771838605,3820.072965272412,170027041.15673885
Storm,,28962.281409718886,41316277.799683645
Wildfire,47.763934228201805,2646.706532456003,25622629.622002758
Storm,16.27578538445064,44288.15573342254,211053594.14035282
Storm,50.774367207919404,51455.20529539705,8493619.689286841
Flood,95.0980274077799,114107.41444139768,166033349.8038797
Storm,119.15475512962543,170217.8829283656,241082634.3357611
Wildfire,0.6346903001907808,3794.6576612332915,5856323.307762119
Drought,10.08154312617058,282325.5447557461,30273636.92319362
Earthquake,439.18821621381005,348420.33747681964,237278360.40856707
Storm,53.662173490006815,182896.60645821478,120200939.2424185
Flood,53.58454514010093,24491.904824707108,107789911.40767758
Flood,282.18454035853944,52315.043165304596,309149298.9728422
Wildfire,3.5367864733445127,20262.36719906846,
Drought,4.684871978007232,12070.059262386843,40188982.63146922
Wildfire,8.80139748911787,3502.2141940624297,75495948.20592763
Drought,7.028796334648795,30973.060325925682,8211049.561248339
Earthquake,317.35930488721,69814.13845153118,112053867.21762373
Drought,30.600482823770996,64888.3684960762,141409443.51988983
Wildfire,15.032994532738197,9246.61156871495,161789503.92875472
Flood,225.44169208048194,8075.432349648771,154143014.83143824
Drought,33.68180457557607,65793.82183731813,7088528.236200342
Earthquake,457.47224380726817,232691.13528341978,
Earthquake,290.9375831531909,22240.831886201046,153583210.53568608
Earthquake,767.1779131143475,91270.4652593895,267338124.5644393
Drought,0.28869170069648736,130146.11658055818,1062259.8079615885
Wildfire,22.232417723522754,2571.8212787691405,109817831.29283093
Storm,67.79670433147544,8397.830813919894,182265174.10851443
Storm,24.126819898719315,54817.85813967444,31407195.89221129
Wildfire,156.54079534679215,2254.4849987306197,29854611.187895097
Earthquake,,77929.37191392608,518625284.24408484
Flood,8.032923979861893,9309.676554186964,13575605.249483727
Flood,,58676.43412439496,130484792.13175878
Drought,1.5972791472624923,839.2471044636669,55498982.72229315
Drought,,4493.806131652743,223444571.86520472
Wildfire,8.111929135339537,1019.9470963818113,19727070.55238353
Earthquake,201.72342665215697,152157.61215596003,287283584.03560317
Wildfire,34.874904718953076,32601.09545963442,131023496.4705699
Storm,20.337750546744758,39376.86088607978,108949229.70904337
Wildfire,5.998399301356785,31511.46233098644,220853073.27366847
Drought,113.25075007210891,29055.406667915096,56266714.925114326
Wildfire,17.077601667502982,1364.7305744832652,52608334.74802394
Storm,27.097717833508668,13286.190430582807,180172389.97760016
Storm,,7075.740898747201,271169631.13171613
Drought,24.035468910634464,80263.04684355293,68272991.32688825
Wildfire,20.093332087804875,1429.263884752338,30290809.273269027
Flood,38.42591634699311,26851.1279172943,238613073.0330391
Earthquake,1419.1441185867116,19165.610901684235,318997686.1234839
Wildfire,4.018813656351277,2925.107395360392,102746396.24304016
Earthquake,1106.6394298015023,90868.28042203381,830789704.168021
Flood,39.66356409307997,8993.459110398886,19988104.72441872
Wildfire,26.601348390109123,5559.969016837087,95560547.69824742
Flood,24.07917164719208,,51134715.33605675
Flood,36.932935338083354,17374.0662148089,30924310.744702637
Wildfire,24.944058914690007,10877.530751021564,113652166.80218972
Flood,211.82023476955584,2523.6770260244766,26276945.52830484
Wildfire,0.7477821983239991,2350.336713482577,
Earthquake,570.4668635907568,268381.5844927011,484280741.54498595
Earthquake,761.3799711270445,145183.0260048272,588269053.5499077
Earthquake,1679.2074501349673,55893.791251244416,499862269.4878027
Storm,51.81266928682797,41020.0265043664,52851630.983623624
Flood,46.24040762330013,69571.1594296932,227298055.74721777
Storm,77.55140674723106,70068.16085051985,62235256.7980353
Storm,104.16792028767937,10806.134282242136,391371338.6326608
Earthquake,1450.429863662897,114740.49609572318,201446845.34963283
Storm,,1974.092170446677,38990715.78748647
Storm,83.55136855348373,87424.40392961056,75060777.47980845
Drought,19.615505002786698,203415.9964631777,18346773.615284007
Drought,4.326711395218866,343574.11652787984,56450167.93708969
Storm,46.356586970943916,18535.53341989475,352878263.99321765
Drought,12.651952615011933,244587.226317497,127675505.0312764
Earthquake,261.9368862448958,217489.89175662198,24173399.626215965
Storm,49.662415217524966,59739.5373454003,28379071.25676242
Drought,15.716539286495156,744105.5524137777,23033263.889338017
Wildfire,1.0150181378953198,1299.8122482839644,53761689.181591235
Wildfire,32.643192481308304,9047.73238960381,53639244.393542215
Earthquake,523.1244208494754,54295.24990075902,306271038.5307899
Earthquake,685.9253559481253,,934277674.1806782
Wildfire,,5424.799494631557,24799342.853180606
Earthquake,91.8500106074339,12824.661166591311,34999232.82386663
Drought,14.36490315600569,85797.49268688033,23486177.371615253
Drought,49.98194923761133,22864.322096932487,13239742.292072918
Earthquake,300.9247738633161,134358.52088554227,580000197.6576478
Storm,1.611827539138128,22969.386176272248,7685332.481296542
Earthquake,386.52284354302094,484541.4052653861,974314046.792972
Storm,,92400.99332698173,25994290.6113899
Flood,302.4067181828984,7368.240883327365,77129171.32419404
Drought,10.804909573190713,94599.02156296486,104335363.66477671
Earthquake,916.2837338117013,41448.9963364418,617042690.1968122
Storm,50.38011148725333,3966.4030467171374,14629362.632262683
Wildfire,3.789374988476103,1885.929957846728,64726881.50545638
Earthquake,358.49504510877887,146725.53344303774,1365113531.1510124
Drought,18.624341318860157,140118.3191507845,105357438.53160712
Storm,60.35477792222823,6480.330366217622,118552174.75631487
Flood,16.933417186405975,39598.162960307585,
Earthquake,117.79637955697818,30234.718771612555,1746918557.065098
Storm,147.61419659569103,4566.543676389684,288374813.1097656
Wildfire,12.583471605496765,9879.717054620767,21321312.751566686
Storm,87.41802460331381,35777.28007320488,515596555.94083625
Earthquake,80.38187163035273,90749.71971129079,842037414.0282519
Earthquake,415.5101413485872,270241.548887561,441563127.9729547
Storm,80.70712848531731,5959.332908603432,23276004.659411557
Earthquake,189.97274431331454,5735.463100539237,470564278.23716503
Flood,9.40464292896677,120858.43649551245,606540.0592387343
Flood,11.82067742395272,42246.14148077224,87123181.64444216
Wildfire,24.222636146583685,7647.704065903582,21748210.803096157
Flood,220.9428337378443,6103.090643187644,384452.62372966297
Drought,1.017570941815368,59428.72298591737,31277822.441201363
Flood,117.57613738260196,15173.712427576917,97880659.86170298
Storm,42.07719535815295,43086.55302251668,334057150.08009803
Storm,212.61399328565778,47003.46612537221,
Flood,5.262413659268366,25697.88210734282,112011041.56511949
Drought,4.12621553586591,276755.05664846295,39449431.64265835
Wildfire,14.36440013437946,1121.8998961700283,75791363.54115151
Flood,228.23435050455757,37227.2177271802,122853504.10933007
Drought,11.199067087105046,11056.45092900456,1116669.4590733058
Drought,26.80106471023764,388932.36639221583,139610710.72647718
Storm,20.900253745108895,31363.34216881727,14179088.025243025
Storm,47.61314925394347,11827.948224994014,42573362.022557646
Wildfire,2.767881064779848,14996.800467460467,188090307.96253467
Wildfire,22.99398124522187,,21876187.359537277
Storm,60.926464548402215,79182.41203646667,268450526.4872652
Drought,1.945968939789346,151952.6649644829,86198005.0222171
Flood,83.10689689508558,45887.48941236248,18182807.499576956
Wildfire,3.9753528432259446,1294.4251264807224,127701800.88520396
Flood,92.24827892971912,33646.23873466977,75216837.20353624
Drought,5.954081874963938,297815.6350707941,24351676.06153515
Wildfire,4.41483572992508,722.6904568300861,223871613.11611646
Wildfire,,4099.602877117508,253244974.41644934
Storm,4.463589043263435,107764.98780027768,145966561.40496987
Storm,76.3929495779192,41607.2240027039,122062096.0880062
Flood,146.424349774768,,85992911.23141335
Wildfire,38.09009274011042,7930.070394077202,287844912.04779834
Drought,11.92325947750277,172366.70289740848,42304086.28003247
Drought,5.262589842334636,103584.02678132548,250023331.75302893
Wildfire,36.20587900026291,3357.6061363750064,99633666.08537275
Flood,10.052853740556628,27161.946450985663,12024812.644568056
Wildfire,11.454897242424023,2488.7054380045497,72423583.97044437
Drought,66.3105919156159,94637.31140985362,46217791.135539465
Drought,2.696137196608614,174321.5732110009,72695954.1128578
Earthquake,635.1175946434729,31683.6914739882,190055958.7493586
Drought,22.564841067186954,71611.27085267454,10169789.661595643
Earthquake,1443.0699077199172,540611.81942058,299170209.5806942
Wildfire,4.190041389998561,2275.719345038183,
Flood,,24074.095373949745,35926310.41415702
Drought,9.819569570060967,353881.23298035155,7175949.691092814
Earthquake,225.8099703576552,278354.7309211879,161182845.1439742
Storm,11.458232657080353,47984.33564972192,268299424.68069166
Drought,61.82454007143316,501483.47170801985,2406625.3263454083
Wildfire,17.102992163373365,20366.401070834076,19925314.004922975
Flood,89.90801619584042,33591.525661808315,14311369.062669981
Drought,7.131481765441472,128608.21076543123,9197346.982224507
Storm,43.04470206700267,33629.22186322587,3360163.5813236004
Storm,26.443670781082584,21073.95099552186,
Storm,36.127728751351256,58312.79731614678,125801034.77593262
Storm,30.521992544632415,19336.903412695086,97568662.27276091
Flood,,27831.11740708101,11782777.641346203
Earthquake,875.6868602620721,81574.13262354238,28079029.470381957
Earthquake,914.5850016061382,105220.55957436995,477339914.27330345
Storm,31.897580193027466,7742.983695145202,36348744.66071704
Earthquake,305.07496819475745,39932.98901184419,26954519.44351832
Storm,36.86028116070654,3993.8560646528713,650975953.6783264
Flood,148.93712778192284,7218.549460335216,
Drought,16.507771130319377,23741.973086415088,47017119.780820064
Drought,9.859996322453437,436826.29710266064,112184456.18418789
Drought,12.059724899914947,65338.451837638524,159553152.04713708
Wildfire,52.0577892742949,12344.37205385573,88582696.69414704
Flood,57.90383385345261,35714.468630962496,29947454.226575404
Storm,14.968232264494008,12794.174315537011,316152934.7261551
Earthquake,1618.8548211409138,77119.55228569481,7149185.354754567
Flood,23.970763049826914,100937.0266383811,312000714.7106476
Drought,75.84622611356139,383896.55117757176,34490939.120805055
Wildfire,21.718525073577684,46341.01755230337,94505461.49855405
Flood,,1468.5733017867642,27397088.18555095
Storm,20.932793851026204,49818.580131872586,54437788.1303494
Storm,10.253447425693778,6029.103600891092,143841926.73528394
Storm,7.509191687390369,25263.790093024276,404959805.0715416
Earthquake,70.44340754543663,30446.88627043936,435199378.71230125
Earthquake,142.2646193108916,42779.04065455159,1129550877.690156
Storm,9.498972371782505,9308.9598526959,25460082.154256426
Flood,43.614061536654006,18963.063511938428,67534608.96468937
Drought,14.434304610739638,302249.2597130453,36959221.806601785
Flood,125.87271462934224,46738.57480194014,9274963.440079736
Earthquake,163.0504650895486,50321.84158204304,581079645.1117448
Storm,7.180710980969137,91924.93822524053,15088206.304784618
Earthquake,67.1335415390899,34210.7260823604,136397893.255261
Storm,35.579348964452336,4500.957092598264,402322234.7918827
Wildfire,2.1138750503122745,3811.2007453192887,31032932.91023623
Wildfire,13.37340886463701,11623.010700110075,
Drought,5.119524666883826,38722.958409919775,100582741.43207781
Drought,11.823597265391957,259670.27012414302,59032386.27443741
Drought,15.163497601205913,122484.28198000898,
Wildfire,21.911750003075962,12809.118009301732,19135022.369308203
Storm,29.82536321378037,10548.271962075576,530853383.81049454
Flood,80.73903352396201,17687.883830687904,60710827.47211829
Earthquake,,98995.59956864959,288704466.7506567
Flood,61.31601287606566,37613.79882178202,3498164.3404519632
Earthquake,154.0194369193315,56565.245009990715,3479260200.462321
Earthquake,1048.3042751819582,75117.73521072406,314861824.1527925
Wildfire,40.67863010594775,10303.11844183394,37942228.914076895
Wildfire,4.299980340160663,4888.952779884452,172116545.868259
Storm,66.57523651336662,9651.600653598392,203835222.084033
Wildfire,80.067303008132,249.53161282464987,119299655.72421172
Earthquake,33.75239545330685,172506.9454698212,519667134.0724831
Flood,242.83588771318344,28913.36537734984,4076780.149507192
Earthquake,28.338900936749923,55668.585806578696,316520113.1484224
Wildfire,2.050141757709573,35960.53654181279,44638070.37756296
Wildfire,36.07264600661803,3666.2582295068623,5878904.15523381
Wildfire,4.513957422617046,12578.516362694678,360430677.5736928
Storm,86.09099000916676,8417.42258260026,109394518.77514178
Wildfire,33.411189769458815,,29337713.99254608
Earthquake,465.3897577534949,99934.67396066118,374382967.6045379
Drought,4.170818800432206,40729.13810383487,
Drought,2.3192407760359433,45343.2950041743,319411081.14987475
Wildfire,0.8090632894899541,13288.881574772895,98256385.77462423
Earthquake,217.3036073534379,13480.093149507733,69548864.22232121
Earthquake,359.5765741078389,42052.946164398294,199173227.52383757
Earthquake,607.4785014010113,179853.18673707038,28927866.6399649
Flood,1.9353973231945043,28280.75741119025,3356912.683183302
Storm,12.277696145882723,,9854639.544425966
Drought,5.027845482637078,46665.55563936845,70064344.79278085
Earthquake,450.3128113388318,140579.30647238664,185142554.92032862
Earthquake,2065.4298019469074,236592.47184541114,28520805.70343112
Flood,226.15941357266684,5461.458554704887,106875072.37191176
Earthquake,575.967182845971,21100.24669892007,367908130.2595592
Drought,3.106613396178077,22110.44727978594,27490758.63958956
Storm,66.14585827132143,54980.97510539418,157483782.3117917
Flood,45.5547502170167,,24628822.45895559
Earthquake,304.0049962070329,221616.78354565494,421400793.50061935
Drought,0.13728506645256783,125853.47521136259,57862691.443706535
Earthquake,56.60066186709765,151731.14506113387,1205063571.8165953
Drought,7.432026927065744,287205.87548258033,137581741.16340876
Flood,97.84678301550623,,208493763.82753855
Flood,29.726430388876835,63539.14505692121,2852448.8794425847
Drought,45.68438461762443,547985.04428738,
Earthquake,1201.5587932777432,31420.40359331152,856502803.5793866
Flood,336.5308210030412,123736.53891602307,69891482.16013418
Flood,6.375204253584149,66278.78795498352,73758700.080433
Wildfire,2.776519639799262,4188.931492316493,398369809.09056795
Drought,2.9638317183556655,11176.149260684548,935254.4039487338
Earthquake,139.66400708885186,36513.176405469305,329986437.3450169
Flood,139.77496231833715,34660.750699989854,
Flood,169.31280315353635,28287.616345110404,159155242.86430594
Earthquake,143.03972117695358,,83863739.67168377
Wildfire,8.094278879246268,2376.3143226281563,133194027.73500024
Flood,21.362197963481773,,109165464.9092272
Storm,1.0087543940300479,,121538868.75024784
Flood,15.725902284259558,105177.85286599472,31360141.44472703
Wildfire,17.404216879253347,718.2663964472661,
Storm,29.718105648240645,20077.07225532339,45695668.190800056
Earthquake,291.2538425864452,14003.550476518922,
Earthquake,441.22915232051014,67799.66293726646,106792052.37388773
Earthquake,380.77221126473876,99843.50052052565,391470789.08727056
Wildfire,18.413732277916978,2004.4245936188493,36010330.01903022
Earthquake,619.6649746947053,54287.307602423694,364151141.3053084
Flood,125.4909804570235,28092.322302745037,36592089.423435
Drought,29.995655688415738,223815.9014450261,47660634.29317505
Wildfire,15.671688461316508,2493.580108952092,76208654.44614692
Drought,4.633539049845115,518225.6577466965,22794237.99547669
Earthquake,570.1089956198645,174548.61596738422,79268317.25002745
Flood,12.965919566289333,50131.270506924506,229287224.23121494
Storm,147.0176560891229,15649.657489151941,295538152.9520106
Earthquake,1378.3051799304849,174603.0222148782,783454402.2810766
Flood,282.81228699424724,10099.264534615968,83804165.03017795
Wildfire,121.99041725645039,7688.85015085509,
Earthquake,548.2280565637972,172967.22101825025,6685093.697652344
Drought,23.06783480467302,139921.76838356268,72440168.459389
Storm,98.28447379462463,7187.15731983334,187185678.24517134
Earthquake,492.8644911053797,29195.64037548615,814038910.2622788
Flood,14.21059421907458,39583.83335604154,79020360.44492415
Flood,10.45138352147615,4755.158612724009,30475427.94630119
Earthquake,487.9379091062655,44016.1060076273,777744735.0806755
Flood,144.0328493418871,,48630558.37726009
Storm,8.768903543235089,36153.99320315319,284482267.00749767
Flood,64.34894883419192,22430.673906966498,44430004.617413834
Wildfire,49.11449336912808,4134.134563720866,5702864.584501491
Flood,249.82673375357697,119487.3932956328,92779189.30453193
Wildfire,3.370409421125224,15070.095217727281,18697804.008207537
Storm,39.27503541189623,24069.606775110093,88184963.94772135
Flood,20.387438807912545,34409.616494031296,32289320.975318648
Storm,33.59661686430087,10109.94797382201,256580603.3293021
Wildfire,57.426487884146205,2208.915719513446,207463735.3958813
Wildfire,4.062124371745869,1966.474309886321,67930369.56154765
Storm,23.601029443531157,77030.13995568114,157414521.2121537
Drought,26.08595906510413,150184.10861258872,11287405.517168775
Flood,154.51635577488867,35639.550702620756,35677078.12530381
Wildfire,23.27381454425221,806.5015423361959,1819351.175536264
Storm,80.93046705408582,18841.835220476765,89778750.39623098
Earthquake,13.927467019066508,51688.71163331543,2524026297.087495
Drought,22.786917622504866,45348.297203684735,68447941.18443961
Drought,7.167115314495954,57263.77351727552,23285212.129259337
Storm,41.79526940548768,31455.514313866137,72085877.44656472
Earthquake,1083.849874375053,1006.0851625091396,1070272181.2937177
Wildfire,,1236.7354370907597,351046172.12825465
Storm,4.705761820090861,8904.915271340766,19416005.67282629
Storm,50.89854532077751,4568.102907897674,506722268.03323925
Wildfire,75.78688279507574,10505.511647372621,9477120.065051477
Earthquake,777.8185515911093,114502.95883421821,1097998842.015079
Flood,162.54174663241878,8327.108381471462,45657608.339984015
Drought,33.14837025365634,95376.1297188334,2418818.5056747417
Drought,9.893749263847827,172817.43821001693,121148346.75295006
Drought,3.4670559483629164,87438.89967315676,27191679.179468613
Earthquake,392.7694138728509,134903.526767867,707196416.0438392
Drought,1.9175847486958022,162764.29097493354,111222500.95798683
Drought,15.96468450145319,193297.23783534145,54456421.91347343
Storm,10.571622642785087,18599.09548346689,466666339.47385615
Drought,20.334623808889724,86158.69660601953,131813846.31263247
Wildfire,29.180811790605542,9334.188232765562,189359222.53111094
Flood,125.0391564420102,11628.8639276708,84121279.70078872
Earthquake,180.44560128925514,136491.2495058634,1668156985.177748
Storm,21.553495889210467,2607.8647662971493,257875573.81345963
Storm,49.87342307604282,,166759526.27246743
Drought,37.75746428672927,439001.21291702864,33067890.00061342
Flood,,43041.225614634066,104332911.95260188
Flood,7.982641381076523,27782.23443268341,58399767.668302186
Earthquake,27.074890317307062,3829.0025103532616,631474871.3046646
Flood,21.064047117925078,30875.29228416583,33726435.72226335
Storm,81.93404718735943,52331.73803600663,405298598.780119
Storm,9.638855790106513,304.97790211359916,32223679.673590895
Flood,61.286721842218164,145036.64732887366,111966177.88847722
Wildfire,29.780878425781886,2969.4387711247373,161345942.77907777
Earthquake,545.3402563697582,41304.55662061055,
Wildfire,26.129050629444993,29520.90234118088,5519254.829032802
Storm,14.161695467034185,18464.189132160835,198043382.61710685
Earthquake,278.25189328898654,104621.47499786138,649633687.9554973
Storm,19.988846856554833,17426.881950424173,388912393.4693071
Drought,,215959.57726232897,36981493.127859846
Drought,0.979212232204948,86844.21783623623,97096101.647805
Drought,29.826740528701343,265794.77773645095,79810490.94860584
Earthquake,152.091616629635,57282.60002207045,85336408.2776158
Earthquake,99.75900051700604,132712.70316231129,145272386.92975464
Drought,16.09068930614304,24375.220794797933,
Storm,53.47431459907413,6627.116783017274,31097733.821792357
Storm,40.11328942895022,55183.68319192726,1152025127.942419
Flood,127.73483639860612,13093.898784698937,115582238.0524095
Storm,15.601961536535674,50054.29782785279,11390236.532072818
Drought,25.91470904177192,49610.78419994283,29808591.45765007
Drought,14.560234619290394,24900.605784666506,37557644.63699044
Storm,26.02798332741169,105638.52280747776,23843647.779197793
Flood,32.42832899476244,3403.141159115749,122412539.74257873
Drought,9.299104981882632,5235.732548332053,12537268.278546948
Earthquake,919.7631017976762,3662.8462402309874,537056816.2874932
Storm,57.47037428893825,1612.5586103574356,305432111.1391562
Wildfire,41.258987341012016,2349.8547952271256,77020849.07974756
Wildfire,,689.8554632446561,654367245.1233795
Wildfire,58.6359920045752,2647.5213395332808,12273939.75766656
Storm,55.32951387243615,65750.69075155462,123215729.51949953
Wildfire,12.301987869188473,7319.331108883747,387584978.7160226
Earthquake,291.75749257179285,,368895395.85805994
Storm,40.36844761386287,48.07412459500506,66597008.25884576
Earthquake,430.1160513477376,16823.097059608423,220178876.33851245
Flood,137.6395400229609,39899.23068202377,60212443.04405295
Drought,9.43945143438643,519614.19842346077,34962664.000667326
Earthquake,,52814.76574635663,318100894.22309273
Storm,24.226964007842355,57806.66402045198,276459685.02734566
Wildfire,69.65596465546935,5912.308322168062,80004330.01445267
Earthquake,62.07230914884593,13818.807510768476,384862025.9721895
Earthquake,464.99771346855516,5878.948974355374,558631399.4469271
Earthquake,112.12031402908852,36485.42114345955,371694802.30415374
Drought,6.73300561197749,14753.143299637555,21206175.08342833
Flood,265.62890636549605,147694.444360706,7182312.933947492
Earthquake,298.7403418533391,141204.7360170218,790266267.9606205
Wildfire,68.65955161582652,22658.358590423235,115744796.2235766
Drought,10.510115801411681,112044.8304130704,44041509.43381713
Wildfire,10.536841253807495,8492.954214491729,58313417.90820541
Drought,8.069363130408275,272861.3091958098,8242563.686965275
Wildfire,1.2760795750597163,17757.036447101225,84707489.68465881
Earthquake,374.9430296588934,106547.53667251664,132756518.70097746
Earthquake,256.14846541038025,35295.804881968186,572419510.0197703
Drought,22.60440073102562,325125.7796223046,41262774.31169043
Earthquake,,36315.76098730963,12586866.061752029
Flood,160.18877017963212,15541.75315360703,28042903.011755332
Earthquake,867.9102080046132,194511.36646472948,268163328.4170006
Wildfire,26.843300987433718,,219692050.91104236
Wildfire,,,64264814.561323866
Drought,21.839725212743467,246748.48766041148,9793433.019216418
Earthquake,60.09240034054828,84440.55506832912,989685259.238518
Drought,27.53457540019866,1660064.5985344525,64536701.08851629
Drought,11.941594947987033,362633.50571352715,42468438.485531084
Storm,46.04335294429997,2000.248327923356,718877526.423058
Wildfire,63.93405901083528,3978.766076631136,11973054.340060432
Storm,16.931767364350637,40044.61332432992,120813539.94331525
Wildfire,20.983020324758805,3797.0353883947323,130652337.9336126
